id,name,measurement_unit;;
1,абрикосовое варенье,г;;
2,абрикосовое пюре,г;;
3,абрикосовый джем,г;;
4,абрикосовый сок,стакан;;
5,абрикосы,г;;
6,абрикосы консервированные,г;;
7,авокадо,по вкусу;;
8,агава сироп,г;;
9,агар-агар,г;;
10,аграм,г;;
11,аджика,г;;
12,аджика зеленаЯ,г;;
13,айва,по вкусу;;
14,айвовое пюре,г;;
15,айран,г;;
16,айсинг,г;;
17,акула стейки,г;;
18,алкоголь,стакан;;
19,алкоголь крепкий,ст. л.;;
20,алыча,г;;
21,альбухара,шт.;;
22,альмехи,г;;
23,амарантоваЯ мука,г;;
24,ананасовый сироп,г;;
25,ананасовый сок,г;;
26,ананасы,г;;
27,ананасы вЯленые,г;;
28,ананасы консервированные,по вкусу;;
29,анис,по вкусу;;
30,анис звездочки,г;;
31,анисовый ликер,мл;;
32,анис семена,г;;
33,анчоусы,г;;
34,апельсиноваЯ вода,г;;
35,апельсиноваЯ цедра,г;;
36,апельсиноваЯ эссенциЯ,ч. л.;;
37,апельсиновое варенье,г;;
38,апельсиновые цукаты,г;;
39,апельсиновый джем,г;;
40,апельсиновый джем с имбирем,г;;
41,апельсиновый ликер,г;;
42,апельсиновый сироп,стакан;;
43,апельсиновый сок,по вкусу;;
44,апельсиновый сок свежевыжатый,г;;
45,апельсиновый уксус,ст. л.;;
46,апельсиновый экстракт,ч. л.;;
47,апельсины,г;;
48,апельсины красные,шт.;;
49,апельсины крупные,шт.;;
50,арахис,г;;
51,арахис жареный,г;;
52,арахисоваЯ паста,г;;
53,арахисовое масло,г;;
54,арахис соленый,г;;
55,арбузнаЯ мЯкоть,г;;
56,арбузы,г;;
57,аргановое масло,г;;
58,аришта,г;;
59,ароматизатор,г;;
"60,ароматизатор ""ананас"",по вкусу";;
"61,ароматизатор ""вишнЯ"",каплЯ";;
"62,ароматизатор ""малина"",каплЯ";;
"63,ароматизатор ""ром"",г";;
64,артишоки,г;;
65,артишоки в масле,г;;
66,артишоки маринованные,г;;
67,аспирин,шт.;;
68,ассорти мЯсное,г;;
69,ассорти овощное,г;;
70,ассорти фруктовое,г;;
71,ассорти Ягодное,г;;
72,аши,г;;
73,багет,г;;
74,багет вчерашний,г;;
75,багет мини,г;;
76,бадан,звездочка;;
77,бадьЯн,щепотка;;
78,базилик лимонный,г;;
79,базилик свежий,г;;
80,базилик сушеный,г;;
81,базилик тайский,горсть;;
82,базилик фиолетовый,г;;
83,баклажаны,по вкусу;;
84,баклажаны мини,г;;
85,баклажаны тайские,г;;
86,балык,г;;
87,бальзам,г;;
88,бальзамический крем,стакан;;
89,бальзамический соус,ст. л.;;
90,бальзамический уксус,стакан;;
91,бальзам рижский черный,ст. л.;;
92,бамиЯ,г;;
93,банановое пюре,г;;
94,банановые чипсы,горсть;;
95,банановый зеленый сироп,мл;;
96,банановый ликер,мл;;
97,бананы,г;;
98,бананы мини,г;;
99,барабулька,г;;
100,бараний ливер,г;;
101,бараний окорок на косточке,кусок;;
102,бараний фарш,г;;
103,баранина,г;;
104,баранки,г;;
105,бараньи антрекоты,кг;;
106,бараньи голЯшки,шт.;;
107,бараньи потроха,кг;;
108,бараньи ребрышки,шт.;;
109,бараньЯ лопатка,кг;;
110,бараньЯ нога,г;;
111,бараньЯ печень,г;;
112,барбарис,г;;
113,барбарис вЯленый,ст. л.;;
114,барбарис молотый,г;;
115,бастурма,г;;
116,батат,г;;
117,батон,г;;
118,батончики шоколадные,г;;
119,безе,г;;
120,бекон,по вкусу;;
121,бекон варено-копченый,г;;
122,бекон сырокопченый,г;;
123,белорыбица,г;;
124,бирнель,мл;;
125,бисквик смесь готоваЯ,пакет;;
126,бисквит,г;;
127,бисквитнаЯ крошка,г;;
128,бисквитный корж,г;;
129,бисквитный рулет,г;;
130,бисквит шоколадный,г;;
131,бифштекс,шт.;;
132,блиннаЯ мука,г;;
133,блины готовые,г;;
134,блины овсЯные,шт.;;
135,бобовые ростки,г;;
136,бобы,г;;
137,бобы мунг пророщенные,г;;
138,бобы тонка,шт.;;
139,ботарга,г;;
140,брезаола,г;;
141,бренди,г;;
142,брокколи замороженнаЯ,г;;
143,брокколи свежаЯ,г;;
144,брусника замороженнаЯ,г;;
145,брусника свежаЯ,г;;
146,брусника сушенаЯ,г;;
147,брусничное варенье,г;;
148,брусничный соус,г;;
149,брынза,по вкусу;;
150,брынза сербскаЯ,г;;
151,брюква,г;;
152,буженина,г;;
153,бузина сироп,ст. л.;;
154,букет гарни,пучок;;
155,булгур,г;;
156,булка,кусок;;
157,булка белаЯ,г;;
158,булка сдобнаЯ,г;;
159,булочки,г;;
160,булочки белые черствые,г;;
161,булочки бриошь,шт.;;
162,булочки вчерашние,шт.;;
163,булочки длЯ гамбургеров,шт.;;
164,булочки зерновые,шт.;;
165,булочки ржаные,кусок;;
166,булочки с кунжутом,шт.;;
167,бульон,г;;
168,бульонные кубики,г;;
169,бурбон,г;;
170,Ѓуррата,г;;
171,бурЯк,г;;
172,бусинки кондитерские,ч. л.;;
173,бусинки кондитерские серебрЯные,по вкусу;;
174,бычий хвост,г;;
175,ванилин,г;;
176,ваниль в стручках,г;;
177,ванильнаЯ настойка,ст. л.;;
178,ванильнаЯ эссенциЯ,г;;
179,ванильный порошок,г;;
180,ванильный сироп,г;;
181,ванильный экстракт,по вкусу;;
182,варенье,г;;
183,васаби,г;;
184,вафельнаЯ крошка,г;;
185,вафельные коржи,г;;
186,вафельные трубочки,г;;
187,вафли,г;;
188,вафли шоколадные,г;;
189,вермишель,г;;
190,вермишель ЯичнаЯ,г;;
191,вермут,г;;
192,вермут белый,г;;
193,вермут сухой,г;;
194,ветчина,г;;
195,ветчина варенаЯ,г;;
196,ветчина варено-копченаЯ,кусок;;
197,ветчина копченаЯ,г;;
198,ветчина пармскаЯ,г;;
199,ветчина сырокопченаЯ,г;;
200,вешенки,г;;
201,винегрет,г;;
202,винный камень,щепотка;;
203,винный уксус,г;;
204,винный уксус белый,г;;
205,винный уксус красный,ч. л.;;
206,винный уксус на чесноке,ч. л.;;
207,винный уксус на эстрагоне,ст. л.;;
208,вино белое,по вкусу;;
209,вино белое полусладкое,г;;
210,вино белое полусухое,г;;
211,вино белое сладкое,г;;
212,вино белое столовое,стакан;;
213,вино белое сухое,г;;
214,виноград,г;;
215,виноград без косточек,г;;
216,виноград белый,г;;
217,виноград изабелла,кг;;
218,виноградное желе,ст. л.;;
219,виноградные листьЯ,г;;
220,виноградные листьЯ маринованные,г;;
221,виноградные листьЯ молодые,шт.;;
222,виноградный сок,г;;
223,виноградный сок осветленный,ч. л.;;
224,виноград синий,г;;
225,виноград черный,г;;
226,вино десертное,г;;
227,вино игристое сухое,г;;
228,вино красное,г;;
229,вино красное полусладкое,г;;
230,вино красное полусухое,г;;
231,вино красное сладкое,г;;
232,вино красное сухое,г;;
233,вино крепленое,г;;
234,вино розовое полусладкое,ст. л.;;
235,вино розовое полусухое,г;;
236,виски,г;;
237,витамин C в порошке,г;;
238,вишневаЯ настойка,мл;;
239,вишневое варенье,г;;
240,вишневые листьЯ,г;;
241,вишневый джем,г;;
242,вишневый ликер,по вкусу;;
243,вишневый сироп,стакан;;
244,вишневый сок,г;;
245,вишнЯ,г;;
246,вишнЯ вЯленаЯ,г;;
247,вишнЯ замороженнаЯ,г;;
248,вишнЯ засахареннаЯ кондитерскаЯ,шт.;;
249,вишнЯ коктейльнаЯ,г;;
250,вишнЯ мараскино,шт.;;
251,вишнЯ, протертаЯ с сахаром,г;;
252,вода,г;;
253,вода минеральнаЯ без газа,стакан;;
254,вода минеральнаЯ газированнаЯ,г;;
255,водка,г;;
256,водка анисоваЯ,ч. л.;;
257,водоросли,г;;
258,вустерширский соус,г;;
259,галангал корень,долька;;
260,галеты,г;;
261,гамбургер,г;;
262,ганаш,г;;
263,гарам масала,г;;
264,гарнир,г;;
265,гаспачо,г;;
266,гвоздика,г;;
267,гвоздика молотаЯ,по вкусу;;
268,герань листьЯ,г;;
269,геркулес,г;;
270,глазурь,г;;
271,глазурь белаЯ,г;;
272,глазурь готоваЯ,по вкусу;;
273,глазурь чернаЯ,по вкусу;;
274,глазурь шоколаднаЯ белаЯ,г;;
275,глутамат натриЯ,г;;
276,глюкоза,г;;
277,глюкоза сироп,г;;
278,говЯдина,г;;
279,говЯдина на кости,г;;
280,говЯжий фарш,по вкусу;;
281,говЯжий Язык,г;;
282,говЯжье сердце,по вкусу;;
283,говЯжьи бифштексы,г;;
284,говЯжьи голЯшки,г;;
285,говЯжьи легкие,г;;
286,говЯжьи ребра,г;;
287,говЯжьи стейки рибай,г;;
288,говЯжьЯ вырезка,шт.;;
289,говЯжьЯ грудинка,кг;;
290,говЯжьЯ лопатка,г;;
291,говЯжьЯ мозговаЯ кость,шт.;;
292,говЯжьЯ мЯкоть,кг;;
293,говЯжьЯ печень,шт.;;
294,говЯжьЯ черева,г;;
295,говЯжьЯ шейка,кг;;
296,годжи,г;;
297,голец филе,шт.;;
298,голубика,г;;
299,голубика замороженнаЯ,г;;
300,голубь,г;;
301,горбуша,по вкусу;;
302,горбуша в собственном соку,банка;;
303,горбуша филе,г;;
304,горгонзола,г;;
305,горгонзола пиканте,г;;
306,горох,г;;
307,горох колотый,г;;
308,гороховые ростки,горсть;;
309,гороховый суп,г;;
310,горошек зеленый,г;;
311,горошек зеленый замороженный,г;;
312,горошек зеленый консервированный,г;;
313,горошек стручковый свежий,г;;
314,горчица,г;;
315,горчица дижонскаЯ,г;;
316,горчица дижонскаЯ с медом,г;;
317,горчица желтаЯ семена,г;;
318,горчица остраЯ,г;;
319,горчица русскаЯ,ст. л.;;
320,горчица семена,г;;
321,горчица с зернами,г;;
322,горчица сухаЯ,г;;
323,горчица французскаЯ,г;;
324,горчица цитрусоваЯ,г;;
325,горчичное масло,г;;
326,горчичный порошок,г;;
327,грана падано,ст. л.;;
328,гранатные зерна,г;;
329,гранатоваЯ паста,ст. л.;;
330,гранатовый сироп,г;;
331,гранатовый сок,г;;
332,гранатовый сок свежевыжатый,мл;;
333,гранатовый соус,ч. л.;;
334,гранаты,г;;
335,гранита,г;;
336,гранола с орехами,г;;
337,граппа,ч. л.;;
338,гратен,кг;;
339,грейпфрутоваЯ цедра,г;;
340,грейпфрутовый сок,г;;
341,грейпфруты,г;;
342,грейпфруты розовые,г;;
343,гренадин,г;;
344,гренки,г;;
345,грецкие орехи,г;;
346,грецкие орехи рубленые,г;;
347,гречневаЯ крупа,г;;
348,гречневаЯ крупа зеленаЯ,ст. л.;;
349,гречневаЯ лапша соба,г;;
350,гречневаЯ мука,г;;
351,гречневое молоко,стакан;;
352,гречневые хлопьЯ,г;;
353,грибы,г;;
354,грибы белые,г;;
355,грибы белые замороженные,г;;
356,грибы белые маринованные,г;;
357,грибы белые сухие,г;;
358,грибы замороженные,г;;
359,грибы замороженные (опЯта и маслЯта),г;;
360,грибы лесные,г;;
361,грибы маринованные,г;;
362,грибы свежие,г;;
363,грибы соленые,г;;
364,грибы соломенные консервированные,шт.;;
365,грибы сухие,г;;
366,грибы шиитаке,г;;
367,грибы шиитаке сухие,г;;
368,гриль,г;;
369,гриссини,г;;
370,грудинка,г;;
371,грудинка варено-копченаЯ,г;;
372,грудинка копченаЯ,по вкусу;;
373,грушевое пюре,г;;
374,грушевый ликер,мл;;
375,грушевый сироп,мл;;
376,грушевый сок,г;;
377,грушевый уксус,ст. л.;;
378,груши,по вкусу;;
379,груши вЯленые,г;;
380,грюйер,г;;
381,гуава,шт.;;
382,гуанчиале,г;;
383,гурьевскаЯ каша,г;;
384,гусинаЯ грудка копченаЯ,г;;
385,гусинаЯ печень,г;;
386,гусиный жир,ст. л.;;
387,гусь,г;;
388,гусь тушка,кг;;
389,дайкон,г;;
390,детское питание,г;;
391,джем,г;;
392,джин,г;;
393,джусай,г;;
394,диоксид титана,г;;
395,долма,г;;
396,дорада,шт.;;
397,дорада потрошенаЯ с головой,шт.;;
398,дорада с головой,шт.;;
399,дорада тушка,шт.;;
400,драже,г;;
401,дрожжи домашние,г;;
402,дрожжи свежие,г;;
403,дрожжи сухие,по вкусу;;
404,дубоваЯ кора,г;;
405,душица,г;;
406,дынЯ,г;;
407,ежевика,г;;
408,ежевика замороженнаЯ,г;;
409,ерш,г;;
410,Юрш-носарь,шт.;;
411,желатин,г;;
412,желатин листовой,по вкусу;;
413,желе,г;;
414,желе длЯ торта,упаковка;;
415,желирующее вещество,упаковка;;
416,желирующий сахар,г;;
417,женьшень,г;;
418,жидкий дым,г;;
419,жимолость,г;;
420,жир,г;;
421,жир вытопленный,стакан;;
422,жир кулинарный,г;;
423,жир растительный,г;;
424,заатар,щепотка;;
425,завтрак сухой,г;;
426,завтрак сухой подушечки,г;;
427,загуститель длЯ сливок,г;;
428,зайчатина,г;;
429,закваска,пакет;;
430,закваска вечнаЯ,г;;
431,заменитель сахара,по вкусу;;
432,заменитель сахара стевиЯ,г;;
433,заправка длЯ салатов готоваЯ,г;;
434,зверобой,по вкусу;;
435,зелень,г;;
436,зелень рубленаЯ,г;;
437,землЯника,по вкусу;;
438,землЯника замороженнаЯ,г;;
439,зефир,г;;
440,зира,г;;
441,злаковые хлопьЯ,г;;
442,зубатка,г;;
443,зубатка филе,г;;
444,изолЯт соевого протеина,г;;
445,изюм,г;;
446,изюм без косточек,г;;
447,изюм белый,г;;
448,изюм черный,г;;
449,икра,г;;
450,икра вЯленой рыбы,г;;
451,икра горбуши зернистаЯ,г;;
452,икра краснаЯ,г;;
453,икра красной рыбы мелкаЯ,г;;
454,икра летучей рыбы,г;;
455,икра лососЯ,г;;
456,икра мойвы,г;;
457,икра палтуса,г;;
458,икра судака,г;;
459,икра чернаЯ,г;;
460,имбирное варенье,г;;
461,имбирное печенье,по вкусу;;
462,имбирные цукаты,ст. л.;;
463,имбирь,г;;
464,имбирь засахаренный,г;;
465,имбирь корень,г;;
466,имбирь маринованный,г;;
467,имбирь молотый,г;;
468,индейка,г;;
469,индейка голень,г;;
470,индейка грудка,г;;
471,индейка копченаЯ,г;;
472,индейка тушка,шт.;;
473,индейка фарш,г;;
474,индейка филе,г;;
475,индоутка,шт.;;
476,индюшачьЯ печень,г;;
477,инжир,г;;
478,инжир свежий,г;;
479,инжир сушеный,г;;
480,ирга,г;;
481,ириски,г;;
482,итальЯнские травы,г;;
483,йогурт,г;;
484,йогурт греческий,г;;
485,йогурт жирный,г;;
486,йогурт козий,г;;
487,йогурт натуральный,г;;
488,йогурт нежирный,г;;
489,йогурт обезжиренный,г;;
490,йогурт фруктовый,г;;
491,кабачки,г;;
492,кабачки замороженные,г;;
493,кабачки молодые,г;;
494,каджунскаЯ смесь специй,ст. л.;;
495,какао,горсть;;
496,какао-бобы,г;;
497,какао-масло,г;;
498,какао-порошок,по вкусу;;
499,какао-порошок обезжиренный,г;;
500,какао сгущенное,банка;;
501,калина,по вкусу;;
502,калина протертаЯ,г;;
503,калинджи семена,ч. л.;;
504,кальвадос,г;;
505,кальмары,г;;
506,кальмары вареные,г;;
507,кальмары замороженные,г;;
508,кальмары консервированные,г;;
509,кальмары филе,шт.;;
510,камамбер,упаковка;;
511,камбала,г;;
512,камбала филе,г;;
513,кампари,мл;;
514,кандурин золотой,ч. л.;;
515,каннеллони,г;;
516,капеллини,г;;
517,каперсы,г;;
518,каперсы в винном уксусе,г;;
519,каперсы маринованные,г;;
520,капуста белокочаннаЯ,г;;
521,капуста брюссельскаЯ,г;;
522,капуста брюссельскаЯ замороженнаЯ,г;;
523,капуста кале,г;;
524,капуста квашенаЯ,по вкусу;;
525,капуста кольраби,г;;
526,капуста краснокочаннаЯ,г;;
527,капуста морскаЯ,по вкусу;;
528,капуста морскаЯ замороженнаЯ,г;;
529,капуста морскаЯ сушенаЯ,г;;
530,капуста пекинскаЯ,г;;
531,капуста савойскаЯ,г;;
532,капуста цветнаЯ,г;;
533,капуста цветнаЯ замороженнаЯ,г;;
534,капустный рассол,г;;
535,капучино,г;;
536,каракатица,г;;
537,каракатица очищеннаЯ,г;;
538,карамбола,г;;
539,карамель,мл;;
540,карамельный соус,г;;
541,карамель с начинкой,г;;
542,карамель соленаЯ,г;;
543,карась,г;;
544,карбонад,г;;
545,кардамон,г;;
546,кардамон зерна,ч. л.;;
547,кардамон молотый,г;;
548,кардамон стручки,шт.;;
549,каркаде,г;;
550,карп,г;;
551,карп зеркальный,кг;;
552,карп филе,кг;;
553,карри,г;;
554,карри листьЯ,г;;
555,карри паста,пакет;;
556,картофель,г;;
557,картофель вареный,г;;
558,картофель вареный в мундире,г;;
559,картофель молодой,г;;
560,картофельное пюре,по вкусу;;
561,картофельные ньокки,г;;
562,картофельные хлопьЯ,г;;
563,картофельные чипсы,г;;
564,картофельный крахмал,г;;
565,картофельный отвар,г;;
566,картофельный хэш замороженный,г;;
567,картофель печеный,г;;
568,катык,г;;
569,каффир-лайм листьЯ,по вкусу;;
570,каша,г;;
571,каша длЯ детского питаниЯ,г;;
572,каштановаЯ мука,г;;
573,каштановый крем,г;;
574,каштаны,г;;
575,каштаны вареные,г;;
576,каштаны консервированные,г;;
577,каштаны очищенные,г;;
578,квас,г;;
579,квасное сусло,г;;
580,квасной концентрат сухой,упаковка;;
581,квас хлебный,г;;
582,кедроваЯ мука,г;;
583,кедровые орехи,г;;
584,кедровые орехи жареные,г;;
585,кета,г;;
586,кетчуп острый,по вкусу;;
587,кетчуп томатный,г;;
588,кетчуп тосканский,ст. л.;;
589,кетчуп шашлычный,г;;
590,кефаль,г;;
591,кефир,по вкусу;;
592,кефир 1%,г;;
593,кефир 2,5%,г;;
594,кефир 3,2%,г;;
595,кефир обезжиренный,г;;
596,кешью,г;;
597,кивано,г;;
598,киви,кг;;
599,киви желе,г;;
600,кижуч,г;;
601,кижуч горЯчего копчениЯ филе,г;;
602,кизил,г;;
603,килька,г;;
604,кимчи,г;;
605,кинза свежаЯ,зубчик;;
606,кинза сушенаЯ,г;;
607,киноа,г;;
608,киноа молотаЯ,г;;
609,кипЯток,г;;
610,кирш,ст. л.;;
611,кисель,г;;
612,кисель сухой,г;;
613,кисломолочный напиток ’ан,мл;;
614,кишки,г;;
615,клейковина,г;;
616,клементины,г;;
617,кленовый сироп,г;;
618,клубника,г;;
619,клубника в сиропе,г;;
620,клубника замороженнаЯ,г;;
621,клубника, протертаЯ с сахаром,г;;
622,клубника сушенаЯ,г;;
623,клубничное варенье,г;;
624,клубничное желе,упаковка;;
625,клубничное пюре,г;;
626,клубничный джем,г;;
627,клубничный джем густой,мл;;
628,клубничный компот,стакан;;
629,клубничный ликер,г;;
630,клубничный сироп,г;;
631,клюква,г;;
632,клюква вЯленаЯ,г;;
633,клюква замороженнаЯ,г;;
634,клюква, протертаЯ с сахаром,г;;
635,клюквенное варенье,г;;
636,клюквенный джем,г;;
637,клюквенный морс,ст. л.;;
638,клюквенный сироп,г;;
639,клюквенный соус,г;;
640,козлинаЯ печень,г;;
641,козлЯтина молодаЯ,кг;;
642,кока-кола,ст. л.;;
643,кокосоваЯ вода,стакан;;
644,кокосоваЯ мука,ст. л.;;
645,кокосоваЯ стружка,г;;
646,кокосоваЯ стружка цветнаЯ,г;;
647,кокосовое масло,мл;;
648,кокосовое молоко,г;;
649,кокосовые сливки,г;;
650,кокосовый ликер,ст. л.;;
651,кокосовый экстракт,г;;
652,кокосы,г;;
653,кола,г;;
654,колбаса,г;;
655,колбаса варенаЯ,г;;
656,колбаса варено-копченаЯ,г;;
657,колбаса копченаЯ,г;;
658,колбаса кровЯнаЯ,г;;
659,колбаса полукопченаЯ,г;;
660,колбаса сырокопченаЯ,г;;
661,колбаска свинаЯ свежаЯ (salsiccia),шт.;;
662,колбаски,г;;
663,колбаски длЯ жарки,г;;
664,колбаски домашние,шт.;;
665,колбаски охотничьи,г;;
666,колбаски сырокопченые,шт.;;
667,компот,г;;
668,коноплЯное масло,ст. л.;;
669,коноплЯ семена,г;;
670,конфеты,по вкусу;;
671,конфеты M&MХs,г;;
672,конфеты жевательные лакричные,г;;
673,конфеты Љоровка,г;;
674,конфеты ’рюфель,г;;
675,конфитюр,по вкусу;;
676,конфитюрка,упаковка;;
677,коньЯк,г;;
678,копчености,г;;
679,кореньЯ,по вкусу;;
680,кориандр,г;;
681,кориандр зелень,г;;
682,кориандр молотый,г;;
683,кориандр семена,г;;
684,коринка,ст. л.;;
685,корица,г;;
686,корица молотаЯ,г;;
687,корнишоны,г;;
688,корнишоны маринованые,г;;
689,корюшка,г;;
690,корюшка горЯчего копчениЯ,г;;
691,кости,г;;
692,кости мозговые,г;;
693,кость сахарнаЯ,г;;
694,кофе в зернах,стакан;;
695,кофе зеленый,г;;
696,кофейные зерна в шоколаде,г;;
697,кофейный ликер,г;;
698,кофейный ликер Kahlua,мл;;
699,кофейный напиток,мл;;
700,кофейный сироп,г;;
701,кофейный экстракт,мл;;
702,кофе молотый,ст. л.;;
703,кофе растворимый,г;;
704,кофе свежесваренный,г;;
705,кофе черный,г;;
706,кофе эспрессо,стакан;;
707,крабовое мЯсо,г;;
708,крабовые палочки,по вкусу;;
709,краб снежный,по вкусу;;
710,крабы,г;;
711,крапива,г;;
712,краситель-гель пищевой,шт.;;
713,краситель пищевой,г;;
714,краситель пищевой вишневый,щепотка;;
715,краситель пищевой желтый,г;;
716,краситель пищевой зеленый,ст. л.;;
717,краситель пищевой красный,г;;
718,краситель пищевой оранжевый,г;;
719,краситель пищевой фиолетовый,г;;
720,краситель пищевой черный,г;;
721,краснаЯ смородина,г;;
722,краснаЯ смородина, протертаЯ с сахаром,ст. л.;;
723,красноперка,шт.;;
724,красносмородиновое варенье,г;;
725,красный винный соус,г;;
726,крахмал,г;;
727,креветки,г;;
728,креветки замороженные,г;;
729,креветки королевские,г;;
730,креветки очищенные,г;;
731,креветки очищенные в рассоле,г;;
732,креветки салатные,г;;
733,креветки сушеные,г;;
734,креветки тигровые,г;;
735,крекер,г;;
736,крекер соленый,г;;
737,крем заварной,г;;
738,крем заварной порошковый,г;;
739,крем-фреш,г;;
740,кресс-салат,г;;
741,кровь,мл;;
742,кролик,г;;
743,кролик тушка,г;;
744,кролик филе,г;;
745,кроличьЯ печень,г;;
746,круассаны,по вкусу;;
747,крутоны мелкие,г;;
748,крыжовник,г;;
749,крыжовниковое варенье,банка;;
750,кукуруза,г;;
751,кукуруза замороженнаЯ,г;;
752,кукуруза консервированнаЯ,г;;
753,кукуруза обжареннаЯ кикос,г;;
754,кукурузнаЯ крупа,г;;
755,кукурузнаЯ мука,г;;
756,кукурузное масло,г;;
757,кукурузные лепешки,шт.;;
758,кукурузные палочки,г;;
759,кукурузные хлопьЯ,г;;
760,кукурузные хлопьЯ глазированные,г;;
761,кукурузные чипсы,г;;
762,кукурузный (золотой) сироп,г;;
763,кукурузный крахмал,по вкусу;;
764,кумин,г;;
765,кумкваты,горсть;;
766,кунжут,г;;
767,кунжутнаЯ мука,г;;
768,кунжутнаЯ паста,г;;
769,кунжутное масло,г;;
770,кунжутные семечки,по вкусу;;
771,кунжут черный,ч. л.;;
772,купаты,шт.;;
773,курага,по вкусу;;
774,курдючное сало,г;;
775,курдючный жир,г;;
776,куринаЯ ветчина,г;;
777,куринаЯ кожа,г;;
778,куринаЯ печень,г;;
779,куриное карпаччо,г;;
780,куриное филе,г;;
781,куриные бедра,г;;
782,куриные голени,г;;
783,куриные голени копченые,шт.;;
784,куриные грудки,г;;
785,куриные грудки вареные,г;;
786,куриные грудки копченые,г;;
787,куриные желудочки,шт.;;
788,куриные кости,г;;
789,куриные крыльЯ,г;;
790,куриные окорочка,г;;
791,куриные окорочка копченые,г;;
792,куриные потрошки,г;;
793,куриные сердечки,г;;
794,куриный бульон,г;;
795,куриный паштет,г;;
796,куриный суповой набор,кг;;
797,куриный фарш,г;;
798,курица,г;;
799,курица варенаЯ,г;;
800,курица длЯ жарки,кг;;
801,курица копченаЯ,г;;
802,курица тушка,г;;
803,куркума,г;;
804,куропатки,г;;
805,кускус,г;;
806,кускус жемчужный,стакан;;
807,кэроб,г;;
808,лаванда,г;;
809,лаванда сушенаЯ,щепотка;;
810,лавандовый краситель,ч. л.;;
811,лаваш,по вкусу;;
812,лаваш армЯнский,г;;
813,лаваш персидский круглый,г;;
814,лаваш тонкий,пласт;;
815,лавровые листьЯ свежие,шт.;;
816,лавровый лист,г;;
817,лайм,г;;
818,лайм листьЯ,шт.;;
819,лаймоваЯ цедра,г;;
820,лаймовый сок,г;;
821,лангустины,шт.;;
822,лапша,г;;
823,лапша длЯ лагмана,упаковка;;
824,лапша ширатаки,г;;
825,лапша ЯичнаЯ в гнездах,шт.;;
826,латук,г;;
827,легкие,г;;
828,лед,г;;
829,леди-фиш тушка,шт.;;
830,лемонграсс (лимонное сорго),г;;
831,лен семена,г;;
832,лепешки,г;;
833,лепешки арабские,шт.;;
834,лесные орехи,г;;
835,лечо,г;;
836,ливер,г;;
837,ликер,г;;
838,ликер Alchermes,г;;
839,ликер Amaretto,г;;
840,ликер Baileys,г;;
841,ликер Cointreau,г;;
842,ликер кремовый,г;;
843,ликер сливочный,г;;
844,лимонад,г;;
845,лимоннаЯ кислота,г;;
846,лимоннаЯ цедра,г;;
847,лимонник стебель,г;;
848,лимонник Ягоды,г;;
849,лимонные корочки засахаренные,г;;
850,лимонные цукаты,г;;
851,лимонный сок,г;;
852,лимонный уксус,г;;
853,лимонный экстракт,г;;
854,лимончелло,г;;
855,лимоны,г;;
856,лингвине,шт.;;
857,лисички,г;;
858,лисички сушеные,г;;
859,личи,шт.;;
860,личи компот,г;;
861,лобстер,г;;
862,лонган,г;;
863,лонгконг,шт.;;
864,лососевые молоки,г;;
865,лососевый фарш,г;;
866,лосось,г;;
867,лосось горЯчего копчениЯ,г;;
868,лосось копченый,г;;
869,лосось свежесоленый,г;;
870,лосось свежий,г;;
871,лосось свежий филе,г;;
872,лосось слабосоленый,г;;
873,лосось стейки,г;;
874,лосось филе,г;;
875,лосось филе на коже,г;;
876,лосось холодного копчениЯ,г;;
877,лосЯтина,кг;;
878,лук белый,по вкусу;;
879,лук зеленый,г;;
880,лук красный,по вкусу;;
881,лук маринованный,г;;
882,луковаЯ шелуха,г;;
883,луковый порошок,г;;
884,лук-порей,горсть;;
885,лук-резанец,по вкусу;;
886,лук репчатый,г;;
887,лук репчатый мелкий,г;;
888,лук салатный,шт.;;
889,лук сушеный,г;;
890,лук-шалот,г;;
891,лук-шалот красный,шт.;;
892,льнЯнаЯ мука,г;;
893,льнЯное масло,ч. л.;;
894,льнЯное семЯ,г;;
895,льнЯное семЯ молотое,г;;
896,любисток,г;;
897,маасдам,г;;
898,мадера,г;;
899,майонез,г;;
900,майонез домашний,г;;
901,майонез легкий,г;;
902,майонезный соус З‘лободаИ Џостный,г;;
903,майонез оливковый,г;;
904,майонез З‘лободаИ ‹егкий,г;;
905,майонез З‘лободаИ Ќа перепелиных Яйцах,г;;
906,майонез З‘лободаИ Ћливковый,г;;
907,майонез З‘лободаИ Џровансаль,г;;
908,майонез З‘лободаИ ‘ лимонным соком,г;;
909,майонез З‘лободаИ ‘метанный,г;;
910,майоран,г;;
911,майоран свежий,по вкусу;;
912,майоран сушеный,г;;
913,мак,г;;
914,макаронные изделиЯ,г;;
915,макаронные изделиЯ мелкие,г;;
916,макароны,г;;
917,макароны-бабочки (farfalle),г;;
918,макароны-бабочки (farfalle) мини,г;;
919,макароны баветте,г;;
920,макароны-бантики,г;;
921,макароны букатини,г;;
922,макароны джильи,г;;
923,макароны диталони,г;;
924,макароны-звездочки,стакан;;
925,макароны орзо,г;;
926,макароны-ракушки (conchiglie),г;;
927,макароны-ракушки (conchiglie rigate),г;;
928,макароны-ракушки крупные,г;;
929,макароны рисони,г;;
930,макароны-рожки (pipe rigate),г;;
931,макароны-спиральки (fusilli),г;;
932,макароны-ушки (orecchiette),г;;
933,маккерончини,г;;
934,мак молотый,г;;
935,маковаЯ масса,пачка;;
936,малина,г;;
937,малина замороженнаЯ,г;;
938,малина, протертаЯ с сахаром,стакан;;
939,малина сушенаЯ,г;;
940,малиновое варенье,г;;
941,малиновое желе,г;;
942,малиновое пюре,г;;
943,малиновый джем,г;;
944,малиновый крем,г;;
945,малиновый сироп,ч. л.;;
946,малиновый соус,ч. л.;;
947,малиновый уксус,мл;;
948,малиновый чай,г;;
949,манго,по вкусу;;
950,манговый сироп,мл;;
951,манго консервированное,г;;
952,мангольд,г;;
953,мангустин,шт.;;
954,мандариновое пюре,г;;
955,мандариновые цукаты,г;;
956,мандариновый сок,г;;
957,мандарины,по вкусу;;
958,мандарины в собственном соку,г;;
959,маннаЯ крупа,г;;
960,маракуйЯ,г;;
961,маргарин,г;;
962,маргарин сливочный,г;;
963,мармелад,по вкусу;;
964,мармелад бутербродный,г;;
965,марсала,стакан;;
966,мартини,г;;
967,мартини красный,г;;
968,марципан,по вкусу;;
969,марципан зеленый,г;;
970,марципан розовый,г;;
971,маршмеллоу,г;;
972,маршмеллоу крем,г;;
973,маршмеллоу мини,г;;
974,маскарпоне,г;;
975,маслины,г;;
976,маслины без косточек,г;;
977,масло авокадо,г;;
978,масло виноградных косточек,г;;
979,масло грецкого ореха,ч. л.;;
980,масло длЯ фритюра,г;;
981,масло кедрового ореха,г;;
982,маслЯта,г;;
983,мастика,г;;
984,мастика желатиноваЯ,г;;
985,мастика шоколаднаЯ,г;;
986,матча,г;;
987,мафальдине,г;;
988,маца,г;;
989,мацони,г;;
990,маш,г;;
991,мед,г;;
992,мед акации,г;;
993,мед гречишный,г;;
994,мед жидкий,г;;
995,мед лавандовый,г;;
996,мелисса,г;;
997,меренги,шт.;;
998,мидии,г;;
999,мидии в раковинах,г;;
1000,мидии в раковинах крупные черные,г;;
1001,мидии в раковинах мелкие зеленые,г;;
1002,мидии замороженные,шт.;;
1003,мидии копченые в масле,г;;
1004,микрозелень,горсть;;
1005,миндаль,г;;
1006,миндаль жареный,г;;
1007,миндаль измельченный,г;;
1008,миндальнаЯ масса,г;;
1009,миндальнаЯ мука,г;;
1010,миндальнаЯ паста,г;;
1011,миндальнаЯ эссенциЯ,г;;
1012,миндальное масло,г;;
1013,миндальное молоко,г;;
1014,миндальное печенье,г;;
1015,миндальное пралине,г;;
1016,миндальные лепестки,г;;
1017,миндальный ликер,г;;
1018,миндальный сироп,г;;
1019,миндальный экстракт,каплЯ;;
1020,миндаль очищенный,г;;
1021,миндаль рубленый,г;;
1022,мини-кукуруза,шт.;;
1023,минога,г;;
1024,минтай,г;;
1025,минтай печень,г;;
1026,минтай филе,г;;
1027,мисо-паста,г;;
1028,мисо-суп,пакет;;
1029,можжевельник Ягоды,г;;
1030,мойва,г;;
1031,моллюски,г;;
1032,молоко,г;;
1033,молоко 0,5%,г;;
1034,молоко 1,5%,г;;
1035,молоко 2,5%,г;;
1036,молоко 3,2%,г;;
1037,молоко 3,6%,г;;
1038,молоко 4%,г;;
1039,молоко 6%,г;;
1040,молоко козье,г;;
1041,молоко концентрированное,г;;
1042,молоко рисовое,мл;;
1043,молоко сгущенное,г;;
1044,молоко сгущенное вареное,ст. л.;;
1045,молоко сгущенное с какао,г;;
1046,молоко сухое,г;;
1047,молоко сухое обезжиренное,ст. л.;;
1048,молоко топленое,г;;
1049,молочнаЯ смесь,г;;
1050,молочные продукты,г;;
1051,морепродукты,шт.;;
1052,морковное пюре,г;;
1053,морковь,г;;
1054,морковь варенаЯ,г;;
1055,морковь крупнаЯ,г;;
1056,морковь молодаЯ,г;;
1057,морковь по-корейски,г;;
1058,морковь тертаЯ,шт.;;
1059,мороженое,по вкусу;;
1060,мороженое ванильное,г;;
1061,мороженое клубничное,г;;
1062,мороженое лимонное,по вкусу;;
1063,мороженое малиновое,г;;
1064,мороженое пломбир,г;;
1065,мороженое шоколадное,мл;;
1066,морошка,г;;
1067,морские гребешки,кг;;
1068,морской коктейль,г;;
1069,морской коктейль в масле,упаковка;;
1070,морской коктейль замороженный,г;;
1071,морской черт,г;;
1072,морской Язык,г;;
1073,морской Язык филе,г;;
1074,мортаделла,г;;
1075,моцарелла,г;;
1076,моцарелла длЯ запеканиЯ,г;;
1077,моцарелла длЯ пиццы,г;;
1078,моцарелла мини,г;;
1079,моцарелла с травами,г;;
1080,моцарелла шарик большой,г;;
1081,мука,г;;
1082,мука 1 сорт,г;;
1083,мука 2 сорт,г;;
1084,мука ЗЂладушкинИ,г;;
1085,мука грубого помола,г;;
1086,мука длЯ темпуры,г;;
1087,мука из пророщенной пшеницы,ст. л.;;
1088,мука манитоба,г;;
1089,мука самоподнимающаЯсЯ,г;;
1090,мука с отрубЯми,ч. л.;;
1091,мука с семечками,г;;
1092,мука хлебопекарнаЯ,г;;
1093,мука цельнозерноваЯ,г;;
1094,мускат белый,мл;;
1095,мускатное вино,г;;
1096,мускатный орех,г;;
1097,мускатный орех молотый,г;;
1098,мюсли,г;;
1099,мЯгкий творог,г;;
1100,мЯсной бульон,г;;
1101,мЯсной фарш,г;;
1102,мЯсо,г;;
1103,мЯсо дикого кабана,г;;
1104,мЯсо крилЯ,г;;
1105,мЯсо на косточке,кг;;
1106,мЯта,г;;
1107,мЯта сушенаЯ,г;;
1108,мЯтный сироп,г;;
1109,мЯтный шнапс,г;;
1110,нардек,г;;
1111,нектарины,шт.;;
1112,нога Ягненка без кости,г;;
1113,нори,г;;
1114,нуга,г;;
1115,нуга с орехами,г;;
1116,нут,г;;
1117,нутелла,г;;
1118,нут консервированный,г;;
1119,нутоваЯ мука,г;;
1120,облепиха,г;;
1121,облепиха замороженнаЯ,г;;
1122,облепиховый сироп,стакан;;
1123,овощи,г;;
1124,овощнаЯ смесь,г;;
1125,овощнаЯ смесь замороженнаЯ,г;;
1126,овощнаЯ смесь замороженнаЯ длЯ wok,г;;
1127,овощнаЯ смесь по-китайски,г;;
1128,овощной бульон,по вкусу;;
1129,овсЯнаЯ мука,г;;
1130,овсЯное молоко,стакан;;
1131,овсЯное печенье,г;;
1132,овсЯное толокно,г;;
1133,овсЯные зерна,г;;
1134,овсЯные отруби,г;;
1135,овсЯные хлопьЯ,г;;
1136,овсЯные хлопьЯ быстрого приготовлениЯ,г;;
1137,огуречный рассол,стакан;;
1138,огурцы,г;;
1139,огурцы консервированные,шт.;;
1140,огурцы малосольные,шт.;;
1141,огурцы маринованные,банка;;
1142,огурцы свежие,г;;
1143,огурцы соленые,г;;
1144,одуванчики,г;;
1145,окорок,г;;
1146,окорок варено-копченый,г;;
1147,окунь,г;;
1148,окунь красный филе,г;;
1149,окунь морской,г;;
1150,окунь морской филе,г;;
1151,окунь филе,г;;
1152,оленина,г;;
1153,оливки,г;;
1154,оливки без косточек,г;;
1155,оливки зеленые,по вкусу;;
1156,оливки зеленые консервированные,банка;;
1157,оливки каламата,г;;
1158,оливки консервированные,г;;
1159,оливки, фаршированные анчоусами,г;;
1160,оливки черные,по вкусу;;
1161,оливковаЯ паста,г;;
1162,оливковое масло,г;;
1163,оливковое масло Extra Virgin,г;;
1164,опунциЯ плоды,г;;
1165,опЯта,по вкусу;;
1166,опЯта замороженные,г;;
1167,опЯта маринованные,г;;
1168,орегано,г;;
1169,орегано свежий,г;;
1170,орегано сушеный,г;;
1171,орехи,г;;
1172,орехи бразильские,г;;
1173,орехи макадамиЯ,г;;
1174,орехи пекан,г;;
1175,орехи пинии,г;;
1176,ореховаЯ крошка,стакан;;
1177,ореховаЯ паста,шт.;;
1178,ореховое масло,ст. л.;;
1179,ореховый ликер,мл;;
1180,ореховый соус,ст. л.;;
1181,осетр,г;;
1182,осетрина холодного копчениЯ,г;;
1183,осьминог,г;;
1184,осьминоги консервированные,г;;
1185,осьминоги мини,г;;
1186,отруби,г;;
1187,ошеек,г;;
1188,пагр,г;;
1189,пажитник,г;;
1190,пажитник семена,г;;
1191,палтус,г;;
1192,пальмовое масло,г;;
1193,пангасиус,г;;
1194,панеттоне,шт.;;
1195,Џанифарин,г;;
1196,панчетта,г;;
1197,папайЯ,г;;
1198,папайЯ консервированнаЯ в собственном соку,г;;
1199,папоротник,г;;
1200,папоротник соленый,упаковка;;
1201,паппарделле,г;;
1202,паприка,г;;
1203,паприка копченаЯ,ст. л.;;
1204,паприка краснаЯ,ст. л.;;
1205,паприка краснаЯ молотаЯ,г;;
1206,паприка остраЯ копченаЯ,г;;
1207,паприка сладкаЯ,г;;
1208,паприка сладкаЯ копченаЯ,г;;
1209,паприка сладкаЯ хлопьЯми,ч. л.;;
1210,пармезан,г;;
1211,паста,г;;
1212,паста веджимайт,г;;
1213,паста тахини,г;;
1214,паста хариса,ст. л.;;
1215,пастернак,г;;
1216,пастила,г;;
1217,пастила винограднаЯ,г;;
1218,патиссоны,г;;
1219,патока,г;;
1220,патока крахмальнаЯ,г;;
1221,патока чернаЯ (меласса),г;;
1222,пахта,г;;
1223,паштет,г;;
1224,пекарский порошок,г;;
1225,пекарский порошок,ч. л.;;
1226,пекорино,г;;
1227,пектин,г;;
1228,пеленгас,г;;
1229,пельмени,г;;
1230,пенне,г;;
1231,пенне ригате,г;;
1232,пеперончино,ч. л.;;
1233,пеперончино молотый,щепотка;;
1234,переводной лист длЯ шоколада,шт.;;
1235,перепелки,тушка;;
1236,перец,г;;
1237,перец белый,г;;
1238,перец белый горошком,по вкусу;;
1239,перец белый молотый,г;;
1240,перец белый свежемолотый,ч. л.;;
1241,перец болгарский,г;;
1242,перец болгарский желтый,г;;
1243,перец болгарский зеленый,г;;
1244,перец болгарский красный,г;;
1245,перец горошком,г;;
1246,перец горошком смесь,г;;
1247,перец душистый,щепотка;;
1248,перец душистый горошком,г;;
1249,перец душистый молотый,г;;
1250,перец испанский острый,шт.;;
1251,перец кайенский,г;;
1252,перец кайенский красный,г;;
1253,перец кайенский молотый,щепотка;;
1254,перец красный,г;;
1255,перец красный горошком,г;;
1256,перец красный жгучий,г;;
1257,перец красный молотый,г;;
1258,перец красный острый,г;;
1259,перец красный острый молотый,по вкусу;;
1260,перец красный хлопьЯми,щепотка;;
1261,перец лимонный,г;;
1262,перец маринованный,г;;
1263,перец острый,г;;
1264,перец острый зеленый,шт.;;
1265,перец острый молотый,щепотка;;
1266,перец падрон,г;;
1267,перец пеперони,г;;
1268,перец пеперони красный,шт.;;
1269,перец розовый горошком,г;;
1270,перец свежемолотый смесь,г;;
1271,перец сенегальский,по вкусу;;
1272,перец сладкий,г;;
1273,перец сладкий желтый,г;;
1274,перец сладкий зеленый,г;;
1275,перец сладкий красный,г;;
1276,перец сладкий красный маринованный,шт.;;
1277,перец сладкий красный молотый,г;;
1278,перец сладкий оранжевый,г;;
1279,перец сладкий сушеный,г;;
1280,перец сычуаньский,г;;
1281,перец халапеньо,г;;
1282,перец халапеньо маринованный,шт.;;
1283,перец черный,ст. л.;;
1284,перец черный горошком,по вкусу;;
1285,перец черный молотый,г;;
1286,перец черный свежемолотый,г;;
1287,перец чили,г;;
1288,перец чили зеленый,стручок;;
1289,перец чили красный,стручок;;
1290,перец чили маринованный,по вкусу;;
1291,перец чили молотый,г;;
1292,перец чили сухой,ст. л.;;
1293,перец чили хлопьЯми,по вкусу;;
1294,перец Ямайский,г;;
1295,перловаЯ крупа,г;;
1296,перловаЯ мука,г;;
1297,персики,г;;
1298,персики консервированные,г;;
1299,персики сушеные,горсть;;
1300,персиковое пюре,г;;
1301,персиковый джем,г;;
1302,персиковый мармелад,ст. л.;;
1303,персиковый сироп,мл;;
1304,персиковый сок,г;;
1305,перцоваЯ паста,ч. л.;;
1306,петрушка,г;;
1307,петрушка зелень,г;;
1308,петрушка итальЯнскаЯ,пучок;;
1309,петрушка корень,г;;
1310,петрушка рубленаЯ,г;;
1311,петрушка сушенаЯ,г;;
1312,печень,г;;
1313,печенье,по вкусу;;
1314,печенье Oreo,г;;
1315,печенье Ђмаретти,г;;
1316,печенье бисквитное,г;;
1317,печенье галетное,шт.;;
1318,печенье З„амские пальчикиИ,г;;
1319,печенье песочное,г;;
1320,печенье рассыпчатое,г;;
1321,печенье ‘авоЯрди,г;;
1322,печенье сахарное,г;;
1323,печенье сладкое,г;;
1324,печенье сухое,г;;
1325,печенье шоколадное,г;;
1326,печенье ћбилейное молочное,г;;
1327,пиво,г;;
1328,пиво имбирное,мл;;
1329,пиво нефильтрованное,г;;
1330,пиво светлое,г;;
1331,пиво темное,банка;;
1332,пикша,шт.;;
1333,питы,по вкусу;;
1334,повидло,г;;
1335,подсолнечное масло,г;;
1336,подсолнечные семечки,г;;
1337,полба,г;;
1338,полба недозрелаЯ,г;;
1339,полента,по вкусу;;
1340,полента быстрого приготовлениЯ,стакан;;
1341,помело,г;;
1342,помидоры,г;;
1343,помидоры бурые,г;;
1344,помидоры вЯленые,по вкусу;;
1345,помидоры вЯленые в масле,г;;
1346,помидоры желтые,шт.;;
1347,помидоры зеленые,кг;;
1348,помидоры консервированные,г;;
1349,помидоры консервированные в собственном соку,г;;
1350,помидоры консервированные в собственном соку с базиликом,г;;
1351,помидоры протертые пассата,г;;
1352,помидоры соленые,шт.;;
1353,помидоры сушеные хлопьЯми,г;;
1354,помидоры черри,г;;
1355,помидоры черри желтые,г;;
1356,попкорн,г;;
1357,поросенок,кг;;
1358,портвейн,г;;
1359,портобелло,г;;
1360,портулак,г;;
1361,посыпка кондитерскаЯ,по вкусу;;
1362,почки,г;;
1363,приправа 4 перца,г;;
1364,приправа 5 специй (five spice),ч. л.;;
1365,приправа длЯ баранины,ст. л.;;
1366,приправа длЯ картофелЯ,г;;
1367,приправа длЯ курицы,г;;
1368,приправа длЯ макарон,по вкусу;;
1369,приправа длЯ маринованиЯ свинины,по вкусу;;
1370,приправа длЯ морепродуктов,по вкусу;;
1371,приправа длЯ мЯса,г;;
1372,приправа длЯ паэльи,по вкусу;;
1373,приправа длЯ пиццы,ч. л.;;
1374,приправа длЯ плова,г;;
1375,приправа длЯ птицы,ст. л.;;
1376,приправа длЯ рыбы,г;;
1377,приправа длЯ салатов,по вкусу;;
1378,приправа заатар,ч. л.;;
1379,приправа креольскаЯ,ст. л.;;
1380,приправа с сушеными грибами,ч. л.;;
1381,приправы,г;;
1382,прованские травы,г;;
1383,проволоне,г;;
1384,просекко,мл;;
1385,простокваша,г;;
1386,протеин сывороточный,г;;
1387,прошутто,г;;
1388,прЯники,г;;
1389,прЯничные специи,г;;
1390,прЯности,г;;
1391,псиллиум,г;;
1392,птитим,г;;
1393,пудинг,г;;
1394,пудинг ванильный,г;;
1395,пудинг ванильный инстант,упаковка;;
1396,пудинг карамельный,г;;
1397,пшеница,г;;
1398,пшеничнаЯ крупа,г;;
1399,пшеничнаЯ мука,г;;
1400,пшеничнаЯ мука цельнозерноваЯ,г;;
1401,пшеничные зародыши,стакан;;
1402,пшеничные отруби,г;;
1403,пшеничные ростки,г;;
1404,пшеничные хлопьЯ,г;;
1405,пшенные хлопьЯ,ст. л.;;
1406,пшено,г;;
1407,пыльца цветочнаЯ,г;;
1408,пюре,по вкусу;;
1409,радиккио,шт.;;
1410,разрыхлитель,г;;
1411,раки,шт.;;
1412,раковые шейки,г;;
1413,раковые шейки в рассоле,г;;
1414,рамбутан,г;;
1415,рапаны,г;;
1416,рапсовое масло,по вкусу;;
1417,рассол,г;;
1418,рассол от каперсов,ст. л.;;
1419,рассол от оливок,ст. л.;;
1420,растительное масло,г;;
1421,растительное масло длЯ жарки,г;;
1422,растительное масло нерафинированное,стакан;;
1423,растительное масло рафинированное,г;;
1424,растительное молоко,стакан;;
1425,ревень,г;;
1426,реган,веточка;;
1427,редис,г;;
1428,редька,г;;
1429,редька белаЯ,шт.;;
1430,редька зеленаЯ,шт.;;
1431,редька чернаЯ,шт.;;
1432,репа,г;;
1433,репа белаЯ,шт.;;
1434,ржанаЯ закваска,г;;
1435,ржанаЯ закваска густаЯ,г;;
1436,ржанаЯ мука,г;;
1437,ржаные отруби,г;;
1438,ригатони,г;;
1439,рикотта,г;;
1440,рикотта твердаЯ,г;;
1441,рис,г;;
1442,рис арборио,г;;
1443,рис басмати,г;;
1444,рис бурый,г;;
1445,рис бурый и дикий смесь,г;;
1446,рис вареный,г;;
1447,рис виола,г;;
1448,рис девзира,г;;
1449,рис дикий,г;;
1450,рис дикий и золотистый смесь,г;;
1451,рис длиннозерный,г;;
1452,рис длиннозерный золотистый,г;;
1453,рис длЯ плова,г;;
1454,рис длЯ пудинга,г;;
1455,рис длЯ ризотто,г;;
1456,рис длЯ суши,г;;
1457,рис жасминовый,г;;
1458,рис золотистый,г;;
1459,рис индика,г;;
1460,рис италика,г;;
1461,рис карнароли,г;;
1462,рис красный,г;;
1463,рис круглозерный,г;;
1464,рис кубанский,г;;
1465,рисоваЯ бумага,г;;
1466,рисоваЯ лапша,г;;
1467,рисоваЯ мука,г;;
1468,рисовое вино,ч. л.;;
1469,рисовые хлопьЯ,г;;
1470,рисовые шарики воздушные,г;;
1471,рисовый крахмал,ст. л.;;
1472,рисовый уксус,по вкусу;;
1473,рис пропаренный,г;;
1474,рис пропаренный и дикий смесь,г;;
1475,рис Японика,г;;
1476,рожь,г;;
1477,розмарин,шт.;;
1478,розмарин сушеный,по вкусу;;
1479,розоваЯ вода,г;;
1480,розовые бутоны сушеные,г;;
1481,розовые лепестки,г;;
1482,розы,г;;
1483,рокфор,г;;
1484,ром,бутылка;;
1485,ромашка сушенаЯ,г;;
1486,ромовый экстракт,ч. л.;;
1487,ром темный,г;;
1488,ростбиф,г;;
1489,рукола,г;;
1490,рулька,по вкусу;;
1491,рыба,г;;
1492,рыба белаЯ,г;;
1493,рыба белаЯ филе,г;;
1494,рыба консервированнаЯ,банка;;
1495,рыба копченаЯ,г;;
1496,рыба копченаЯ филе,г;;
1497,рыба краснаЯ,г;;
1498,рыба краснаЯ соленаЯ,г;;
1499,рыба краснаЯ филе,г;;
1500,рыба-меч,г;;
1501,рыба морскаЯ,г;;
1502,рыба солнечник филе,шт.;;
1503,рыба-соль,тушка;;
1504,рыбное филе,г;;
1505,рыбные консервы,г;;
1506,рыбные кости,г;;
1507,рыбные обрезки, головы, плавники,по вкусу;;
1508,рыбный бульон,г;;
1509,рыбный соус,г;;
1510,рыбный соус Nam Pla,г;;
1511,рыбный соус тайский,г;;
1512,рыбный фарш,г;;
1513,рЯбина черноплоднаЯ,г;;
1514,рЯбчик,г;;
1515,рЯженка,г;;
1516,рЯженка 4%,г;;
1517,сайда,г;;
1518,сайда филе,г;;
1519,сайра,г;;
1520,сайра консервированнаЯ,банка;;
1521,саке,ст. л.;;
1522,салака,г;;
1523,салат,г;;
1524,салат айсберг,г;;
1525,салат китайский,г;;
1526,салат корн,пучок;;
1527,салат кочанный,г;;
1528,салат кучерЯвый,г;;
1529,салат листовой,г;;
1530,салатный микс,г;;
1531,салат романо,г;;
1532,салат фриссе,г;;
1533,сало,г;;
1534,сало копченое в перце,г;;
1535,сало копченое с мЯсными прослойками,г;;
1536,сало с мЯсными прослойками,г;;
1537,сальник,г;;
1538,сальса,г;;
1539,сальса верде,ч. л.;;
1540,салЯми,г;;
1541,салЯми итальЯнскаЯ,г;;
1542,сардельки,г;;
1543,сардельки копченые,г;;
1544,сардинки маленькие,шт.;;
1545,сардины,г;;
1546,сардины в масле,банка;;
1547,сахар,г;;
1548,сахар ванильный,г;;
1549,сахар демерара,г;;
1550,сахар жемчужный,г;;
1551,сахар коричневый,г;;
1552,сахар коричневый крупнокристаллический,г;;
1553,сахар мусковадо,горсть;;
1554,сахарнаЯ пудра,г;;
1555,сахарнаЯ пудра апельсиноваЯ,г;;
1556,сахарнаЯ пудра ванильнаЯ,г;;
1557,сахарные жемчужинки,г;;
1558,сахарные кондитерские украшениЯ,горсть;;
1559,сахарный песок,г;;
1560,сахарный песок крупный,г;;
1561,сахарный песок мелкий,г;;
1562,сахарный сироп,г;;
1563,сахар пальмовый,г;;
1564,сахар-рафинад,г;;
1565,сахар-рафинад с корицей,г;;
1566,сахар тростниковый,г;;
1567,сванскаЯ соль,г;;
1568,свекла,г;;
1569,свекла варенаЯ,г;;
1570,свекольнаЯ ботва,г;;
1571,свекольные листьЯ,г;;
1572,свинаЯ вырезка,г;;
1573,свинаЯ голова,г;;
1574,свинаЯ грудинка,г;;
1575,свинаЯ корейка,г;;
1576,свинаЯ корейка копченаЯ,г;;
1577,свинаЯ корейка на кости,г;;
1578,свинаЯ лопатка варено-копченаЯ,г;;
1579,свинаЯ мЯкоть,г;;
1580,свинаЯ пашина,кг;;
1581,свинаЯ печень,г;;
1582,свинаЯ рулька,по вкусу;;
1583,свинаЯ рулька варено-копченаЯ,г;;
1584,свинаЯ рулька копченаЯ,г;;
1585,свинаЯ шейка,кусок;;
1586,свинина,г;;
1587,свинина варенаЯ,г;;
1588,свинина нежирнаЯ,г;;
1589,свинина с жирком,г;;
1590,свиное сердце,г;;
1591,свиное филе,г;;
1592,свиной подчеревок,г;;
1593,свиной фарш,г;;
1594,свиной Язык,г;;
1595,свиные котлеты на косточке,шт.;;
1596,свиные легкие,г;;
1597,свиные ножки,г;;
1598,свиные отбивные,г;;
1599,свиные отбивные на косточке,г;;
1600,свиные ребра,г;;
1601,свиные уши,шт.;;
1602,свиные щечки,шт.;;
1603,свити,г;;
1604,сельдерей,г;;
1605,сельдерей зелень,г;;
1606,сельдерей корень,г;;
1607,сельдерей корень сушеный,по вкусу;;
1608,сельдерейнаЯ соль,г;;
1609,сельдерей семена,ч. л.;;
1610,сельдерей стебли,г;;
1611,сельдь,г;;
1612,сельдь слабосоленаЯ,г;;
1613,сельдь соленаЯ,шт.;;
1614,сельдь филе,г;;
1615,семга,г;;
1616,семга копченаЯ,г;;
1617,семга свежаЯ,г;;
1618,семга соленаЯ,г;;
1619,семга филе на коже,г;;
1620,семечки,г;;
1621,семечки смесь,ст. л.;;
1622,семолина,г;;
1623,сервелат варено-копченый,г;;
1624,сибас,г;;
1625,сидр,г;;
1626,сироп,г;;
1627,сироп от консервированных груш,г;;
1628,сироп от консервированных персиков,ст. л.;;
1629,сироп топинамбура,стакан;;
1630,скумбриЯ,по вкусу;;
1631,скумбриЯ свежаЯ,г;;
1632,скумбриЯ филе,г;;
1633,скумбриЯ холодного копчениЯ,г;;
1634,сливки,упаковка;;
1635,сливки 10-20%,г;;
1636,сливки 15%,г;;
1637,сливки 20%,г;;
1638,сливки 33-35%,г;;
1639,сливки жирные,г;;
1640,сливки кондитерские,г;;
1641,сливоваЯ паста,г;;
1642,сливовое варенье,г;;
1643,сливовое вино,г;;
1644,сливовый джем,г;;
1645,сливовый ликер,ст. л.;;
1646,сливовый соус,г;;
1647,сливочное масло,г;;
1648,сливы,кг;;
1649,сливы замороженные,г;;
1650,смалец,г;;
1651,смесь длЯ кекса,шт.;;
1652,смесь длЯ оладий,г;;
1653,смесь длЯ хлеба 8 злаков,г;;
1654,сметана,г;;
1655,сметана 10%,г;;
1656,сметана 15%,ч. л.;;
1657,сметана 18%,г;;
1658,сметана 20%,г;;
1659,сметана 25%,г;;
1660,сметана 30%,г;;
1661,сметана 35%,г;;
1662,сметана жирнаЯ,г;;
1663,сметана нежирнаЯ,г;;
1664,сметана некислаЯ,г;;
1665,смородина сушенаЯ,г;;
1666,смородиновые листьЯ,г;;
1667,сморчки сухие,г;;
1668,снежок,л;;
1669,сныть,г;;
1670,сода,г;;
1671,соеваЯ мука,г;;
1672,соевое масло,г;;
1673,соевое молоко,г;;
1674,соевые ростки,г;;
1675,соевый соус,г;;
1676,сок,г;;
1677,сок из красных апельсинов,мл;;
1678,сок мультивитаминный,мл;;
1679,сок юзу,мл;;
1680,солод,ч. л.;;
1681,солод жидкий,г;;
1682,солодовый экстракт,г;;
1683,солод темный,г;;
1684,соломка,г;;
1685,соль,г;;
1686,соль гималайскаЯ,г;;
1687,соль крупного помола,г;;
1688,соль морскаЯ,г;;
1689,сом филе,г;;
1690,сосиски,г;;
1691,сосиски из куриного фарша,шт.;;
1692,сосиски копченые,г;;
1693,соус,г;;
1694,соус black bean,ст. л.;;
1695,соус sambal oelek,ч. л.;;
1696,соус барбекю,г;;
1697,соус краснодарский,г;;
1698,соус красный острый,г;;
1699,соус мирин,по вкусу;;
1700,соус наршараб,г;;
1701,соус острый,г;;
1702,соус песто,по вкусу;;
1703,соус сацебели,г;;
1704,соус табаско,каплЯ;;
1705,соус териЯки,г;;
1706,соус ткемали,стакан;;
1707,соус ткемали благородный,г;;
1708,соус ткемали ранний,ст. л.;;
1709,соус устричный,ч. л.;;
1710,соус чили,г;;
1711,соус чили сладкий,ч. л.;;
1712,соус экзотический,г;;
1713,соЯ,г;;
1714,спагетти,г;;
1715,спагетти Ь 3,г;;
1716,спагетти Ь 5,г;;
1717,спагетти лунги,г;;
1718,спаржа,кг;;
1719,спаржа белаЯ,г;;
1720,спаржа зеленаЯ,г;;
1721,спаржа молодаЯ,г;;
1722,спек,г;;
1723,спельта,стакан;;
1724,спельтоваЯ (полбЯнаЯ) мука,г;;
1725,специи,г;;
1726,спирт,г;;
1727,спирулина порошок,г;;
1728,спред,г;;
1729,ставрида,г;;
1730,стейк семги,шт.;;
1731,стейк семги,г;;
1732,стеклЯннаЯ лапша,г;;
1733,страчателла,г;;
1734,судак,г;;
1735,судак филе,г;;
1736,судак филе на коже,г;;
1737,сулугуни,г;;
1738,сулугуни копченый,г;;
1739,сумах,г;;
1740,суповой набор,г;;
1741,сухари,по вкусу;;
1742,сухари белые,г;;
1743,сухари молотые,г;;
1744,сухари панировочные,г;;
1745,сухари ржаные,г;;
1746,сухарнаЯ крошка,г;;
1747,сухофрукты,г;;
1748,сухофрукты тропические,по вкусу;;
1749,сушки,г;;
1750,сыворотка,г;;
1751,сыр,г;;
1752,сыр tete de moine,г;;
1753,сыр ЂвстриЯ блю,г;;
1754,сыр адыгейский,г;;
1755,сыр бри,г;;
1756,сыр буко,г;;
1757,сыр гауда,г;;
1758,сыр гойЯ,г;;
1759,сыр голландский,г;;
1760,сыр голубой,г;;
1761,сыр гравьера,г;;
1762,сыр джугас,г;;
1763,сыр домашний,г;;
1764,сыр дорблю,г;;
1765,сыр имеретинский,г;;
1766,сыр кефалотири,г;;
1767,сырки творожные,г;;
1768,сыр козий мЯгкий,г;;
1769,сыр козий твердый,г;;
1770,сыр колбасный,г;;
1771,сыр копченый,г;;
1772,сыр коттедж,г;;
1773,сыр Њаскарпоне,г;;
1774,сыр мраморный,г;;
1775,сыр мЯгкий,по вкусу;;
1776,сыр овечий,г;;
1777,сыр панир,г;;
1778,сыр пеше миньон,г;;
1779,сыр плавленый,г;;
1780,сыр плавленый шоколадный,г;;
1781,сыр пластинками,г;;
1782,сыр полутвердый,г;;
1783,сыр провола,г;;
1784,сыр российский,г;;
1785,сыр скаморца,г;;
1786,сыр скаморца копченый,г;;
1787,сыр сливочный,г;;
1788,сыр с плесенью,г;;
1789,сыр с плесенью мЯгкий,г;;
1790,сыр твердый,г;;
1791,сыр филадельфиЯ,г;;
1792,сыр фонтина,г;;
1793,сыр хаварти,г;;
1794,сыр швейцарский,г;;
1795,сычужный фермент,ч. л.;;
1796,таледжо,г;;
1797,тальолини,г;;
1798,тальЯтелле,г;;
1799,тальЯтелле-гнезда,шт.;;
1800,тамаринд,шт.;;
1801,тамариндоваЯ паста,ч. л.;;
1802,тапиока,г;;
1803,тарталетки,по вкусу;;
1804,тартар,ст. л.;;
1805,тархун,г;;
1806,творог,г;;
1807,творог 18%,г;;
1808,творог 2%,г;;
1809,творог 5%,г;;
1810,творог 9%,г;;
1811,творог жирный,г;;
1812,творог зерненый,г;;
1813,творог обезжиренный,г;;
1814,творожнаЯ масса,г;;
1815,творожнаЯ паста,г;;
1816,творожный сыр,г;;
1817,творожный сыр соленый,г;;
1818,творожок клубничный,г;;
1819,текила,стакан;;
1820,телЯтина,по вкусу;;
1821,телЯтина варенаЯ,г;;
1822,телЯчий фарш,г;;
1823,телЯчьи отбивные на косточке,шт.;;
1824,телЯчьи шницели,шт.;;
1825,телЯчьи эскалопы,г;;
1826,телЯчьЯ вырезка,г;;
1827,телЯчьЯ печень,г;;
1828,телЯчьЯ щека,шт.;;
1829,тесто бездрожжевое,г;;
1830,тесто готовое,г;;
1831,тесто длЯ вонтонов,г;;
1832,тесто длЯ пиццы,шт.;;
1833,тесто дрожжевое,по вкусу;;
1834,тесто катаифи,г;;
1835,тесто макаронное,г;;
1836,тесто макаронное длЯ лазаньи,г;;
1837,тесто пельменное,г;;
1838,тесто песочное,по вкусу;;
1839,тесто пресное,г;;
1840,тесто прЯничное,г;;
1841,тесто слоеное,г;;
1842,тесто слоеное бездрожжевое,по вкусу;;
1843,тесто слоеное дрожжевое,кг;;
1844,тесто фило,г;;
1845,тилапиЯ,г;;
1846,тилапиЯ филе,г;;
1847,тильзитер,г;;
1848,тимьЯн,горсть;;
1849,тимьЯн лимонный,веточка;;
1850,тимьЯн свежий,по вкусу;;
1851,тимьЯн сушеный,г;;
1852,ткемали,г;;
1853,тмин,г;;
1854,тмин молотый,г;;
1855,томатнаЯ паста,г;;
1856,томатное пюре,г;;
1857,томатный концентрат,г;;
1858,томатный порошок,г;;
1859,томатный сок,г;;
1860,томатный соус,г;;
1861,томатный соус итальЯнский,г;;
1862,томатный соус острый,г;;
1863,томатный соус с базиликом,г;;
1864,тоник,бутылка;;
1865,топинамбур,г;;
1866,топленое масло,г;;
1867,тортильи,по вкусу;;
1868,тортильони,г;;
1869,тофу,г;;
1870,травы ароматные,г;;
1871,травы прЯные с перцем,ч. л.;;
1872,травы сухие,г;;
1873,треска,г;;
1874,треска печень,г;;
1875,треска филе,г;;
1876,трюфель,г;;
1877,трюфельнаЯ крошка,г;;
1878,трюфельное масло,ст. л.;;
1879,трюфель черный,шт.;;
1880,тунец,по вкусу;;
1881,тунец консервированный,г;;
1882,тунец филе,г;;
1883,тушенка,г;;
1884,тыква,г;;
1885,тыквенное масло,шт.;;
1886,тыквенное пюре,г;;
1887,тыквенные семечки,г;;
1888,тюлька свежаЯ,г;;
1889,угорь,г;;
1890,угорь копченый,г;;
1891,угурт,г;;
1892,укроп,г;;
1893,укропное семЯ,ч. л.;;
1894,укроп свежий,г;;
1895,укроп сушеный,г;;
1896,уксус,г;;
1897,уксус 9%,г;;
1898,уксус из сидра,ст. л.;;
1899,уксуснаЯ эссенциЯ,г;;
1900,уксус столовый,г;;
1901,улитки,г;;
1902,улитки виноградные,шт.;;
1903,урюк,г;;
1904,устрицы,г;;
1905,утинаЯ грудка,г;;
1906,утинаЯ печень,г;;
1907,утиное филе,г;;
1908,утиные бедрышки,г;;
1909,утиные ножки,по вкусу;;
1910,утка,по вкусу;;
1911,утка печенаЯ,г;;
1912,утка тушка,тушка;;
1913,уцхо-сунели,г;;
1914,фазан,г;;
1915,фарш (баранина и говЯдина),г;;
1916,фарш (свинина и курица),г;;
1917,фасоль,г;;
1918,фасоль белаЯ,г;;
1919,фасоль белаЯ консервированнаЯ,г;;
1920,фасоль белаЯ лима,г;;
1921,фасоль зеленаЯ стручковаЯ,г;;
1922,фасоль кенийскаЯ,горсть;;
1923,фасоль кидни краснаЯ,г;;
1924,фасоль консервированнаЯ,г;;
1925,фасоль краснаЯ,г;;
1926,фасоль краснаЯ варенаЯ,стакан;;
1927,фасоль краснаЯ консервированнаЯ,г;;
1928,фасоль молодаЯ замороженнаЯ,г;;
1929,фасоль пинто,г;;
1930,фасоль спаржеваЯ варенаЯ,г;;
1931,фасоль стручковаЯ,г;;
1932,фасоль стручковаЯ замороженнаЯ,г;;
1933,фасоль стручковаЯ консервированнаЯ,г;;
1934,фасоль черный глаз,г;;
1935,фейхоа,г;;
1936,фенхель,г;;
1937,фенхель семена,г;;
1938,фенхель семена молотые,г;;
1939,фестонате,г;;
1940,фета,г;;
1941,фетаки,г;;
1942,фетакса,г;;
1943,феттучине,г;;
1944,фиалки засахаренные,шт.;;
1945,фиалковый сироп,г;;
1946,физалис,по вкусу;;
1947,филе красного окунЯ,шт.;;
1948,филе лососЯ,г;;
1949,филе палтуса,шт.;;
1950,финики,г;;
1951,финики без косточек,стакан;;
1952,финики иранские,г;;
1953,финики иранские без косточек,шт.;;
1954,фисташки,г;;
1955,фисташки очищенные,г;;
1956,фисташки очищенные несоленые,горсть;;
1957,фисташки рубленые,г;;
1958,фисташковаЯ мука,г;;
1959,фисташковаЯ паста,г;;
1960,фисташковое масло,г;;
1961,фокачча,по вкусу;;
1962,форель,г;;
1963,форель варенаЯ,г;;
1964,форель горЯчего копчениЯ,г;;
1965,форель озернаЯ свежаЯ,шт.;;
1966,форель слабосоленаЯ,г;;
1967,форель стейки,шт.;;
1968,форель филе,г;;
1969,форель холодного копчениЯ,г;;
1970,фрикадельки,г;;
1971,фрукт дракона,шт.;;
1972,фруктовый сироп,г;;
1973,фруктовый сок,г;;
1974,фруктовый сок без сахара,стакан;;
1975,фруктоза,г;;
1976,фрукты,г;;
1977,фрукты консервированные,г;;
1978,фундук,г;;
1979,фундучнаЯ мука,г;;
1980,фунчоза,г;;
1981,халва,г;;
1982,халва ванильнаЯ,г;;
1983,халва подсолнечнаЯ,г;;
1984,халуми,г;;
1985,хамон,г;;
1986,хек,г;;
1987,хек филе,г;;
1988,херес,стакан;;
1989,хересный уксус,ч. л.;;
1990,хлеб,г;;
1991,хлеб 7 злаков,батон;;
1992,хлеб белый,г;;
1993,хлеб белый сухой,г;;
1994,хлеб бородинский,кусок;;
1995,хлеб датский ржаной,г;;
1996,хлеб длЯ сэндвичей,г;;
1997,хлебнаЯ крошка,г;;
1998,хлеб ржаной,г;;
1999,хлеб серый,г;;
2000,хлеб с кунжутом,кусок;;
2001,хлеб цельнозерновой,г;;
2002,хлебцы пшенично-ржаные цельнозерновые,г;;
2003,хлопьЯ 4 злака,г;;
2004,хлопьЯ 5 злаков,г;;
2005,хлопьЯ 7 злаков,ст. л.;;
2006,хлопьЯ быстрого приготовлениЯ,стакан;;
2007,хлорид кальциЯ,г;;
2008,хмели-сунели,г;;
2009,хмель,ст. л.;;
2010,хрен,г;;
2011,хрен протертый,г;;
2012,хрен со сливками,г;;
2013,хурма,г;;
2014,хурма спелаЯ,г;;
2015,цесарка тушка,г;;
2016,цикорий,ч. л.;;
2017,цитроновые цукаты,горсть;;
2018,цитрусовые цукаты,шт.;;
2019,цитрусовый свежевыжатый сок,мл;;
2020,цукаты,г;;
2021,цукини,г;;
2022,цукини цветы,шт.;;
2023,цыплЯта,г;;
2024,цыплЯта-корнишоны,шт.;;
2025,чабер,г;;
2026,чабрец,г;;
2027,чабрец сушеный,г;;
2028,чай дарджилинг,пакетик;;
2029,чай жасминовый,ст. л.;;
2030,чай зеленый,пакетик;;
2031,чай копченый лапсанг сушонг,г;;
2032,чай красный,г;;
2033,чай ройбуш,ст. л.;;
2034,чай черный,г;;
2035,чай черный крупнолистовой,ч. л.;;
2036,чай черный со специЯми,пакет;;
2037,чай эрл грей,стакан;;
2038,чатни манго,г;;
2039,чеддер,г;;
2040,черемуха,г;;
2041,черемуховаЯ мука,г;;
2042,черемша,г;;
2043,черешневый джем,г;;
2044,черешнЯ,г;;
2045,черешнЯ консервированнаЯ без косточек,ст. л.;;
2046,чернаЯ смородина,г;;
2047,черника,г;;
2048,черника замороженнаЯ,г;;
2049,чернила каракатицы,г;;
2050,черничный джем,стакан;;
2051,чернослив,г;;
2052,чернослив без косточек,г;;
2053,чернослив вЯленый,г;;
2054,чернослив копченый без косточек,г;;
2055,черносмородиновое варенье,г;;
2056,черносмородиновый джем,г;;
2057,чеснок,г;;
2058,чеснок молодой,г;;
2059,чеснок сушеный,г;;
2060,чесночнаЯ соль,щепотка;;
2061,чесночное масло,по вкусу;;
2062,чесночный порошок,г;;
2063,чечевица,г;;
2064,чечевица варенаЯ,ст. л.;;
2065,чечевица зеленаЯ,г;;
2066,чечевица краснаЯ,г;;
2067,чечил спагетти,г;;
2068,чиабатта,кусок;;
2069,чиа семена,г;;
2070,чипотле молотый,щепотка;;
2071,чипсы,г;;
2072,чоризо,г;;
2073,шалфей,г;;
2074,шалфей свежий,пучок;;
2075,шалфей сушеный,лист;;
2076,шампанское,г;;
2077,шампанское советское,стакан;;
2078,шампанское сухое,ст. л.;;
2079,шампиньоны,по вкусу;;
2080,шампиньоны замороженные,г;;
2081,шампиньоны консервированные,г;;
2082,шампиньоны маринованные,г;;
2083,шампиньоны свежие,г;;
2084,шафран,г;;
2085,шафран имеретинский,г;;
2086,шафран молотый,ч. л.;;
2087,шафран нити,шт.;;
2088,шелковица,г;;
2089,шелковица сушенаЯ,г;;
2090,шиповник,г;;
2091,шиповниковый сироп,г;;
2092,шнапс,г;;
2093,шнитт-лук,стебель;;
2094,шоколад,г;;
2095,шоколад белый,г;;
2096,шоколад горький с апельсиновой цедрой,г;;
2097,шоколад молочный,г;;
2098,шоколад мЯтный,г;;
2099,шоколаднаЯ паста,г;;
2100,шоколаднаЯ стружка,г;;
2101,шоколадное масло,г;;
2102,шоколадно-ореховаЯ паста,г;;
2103,шоколадные горошины,г;;
2104,шоколадные капли,г;;
2105,шоколадные капли белые,г;;
2106,шоколадные конфеты,г;;
2107,шоколадные хлопьЯ,г;;
2108,шоколадные шарики из готовых завтраков,горсть;;
2109,шоколадный ликер,г;;
2110,шоколадный сироп,г;;
2111,шоколадный соус,г;;
2112,шоколад полусладкий,г;;
2113,шоколад с орехами,г;;
2114,шоколад черный горький,г;;
2115,шоколад черный горький 70%,г;;
2116,шоколад черный горький 75%,ч. л.;;
2117,шоколад черный горький 85%,г;;
2118,шортенинг,стакан;;
2119,шпик,шт.;;
2120,шпик копченый,г;;
2121,шпинат,г;;
2122,шпинат замороженный,г;;
2123,шпинат молодой,г;;
2124,шпинат свежий,г;;
2125,шпроты,г;;
2126,шпроты в масле,г;;
2127,шрот,г;;
2128,щавель замороженный,г;;
2129,щавель свежий,веточка;;
2130,щука,г;;
2131,щука филе,г;;
2132,эгг-ног,стакан;;
2133,эдам,г;;
2134,эль,мл;;
2135,эмменталь,г;;
2136,эскалоп,г;;
2137,эстрагон,г;;
2138,эстрагон сушеный,веточка;;
2139,Яблоки,г;;
2140,Яблоки антоновка,кг;;
2141,Яблоки гала,г;;
2142,Яблоки голден,г;;
2143,Яблоки гренни смит,кг;;
2144,Яблоки зеленые,г;;
2145,Яблоки красные,шт.;;
2146,Яблоки моченые,шт.;;
2147,Яблоки нетвердых сортов,г;;
2148,Яблоки сладкие,г;;
2149,Яблоки сушеные,г;;
2150,ЯблочнаЯ эссенциЯ,ч. л.;;
2151,Яблочное варенье,г;;
2152,Яблочное повидло,г;;
2153,Яблочное пюре,г;;
2154,Яблочные чипсы,стакан;;
2155,Яблочный джем,г;;
2156,Яблочный сироп,ст. л.;;
2157,Яблочный сок,г;;
2158,Яблочный соус,ст. л.;;
2159,Яблочный уксус,г;;
2160,ЯгнЯтина,г;;
2161,ЯгнЯтина кострец,г;;
2162,ЯгнЯтина фарш,г;;
2163,ЯгнЯчьи отбивные на косточке,шт.;;
2164,ЯгнЯчьЯ голень нарубленнаЯ,г;;
2165,ЯгнЯчьЯ корейка,г;;
2166,Ягодное варенье,ст. л.;;
2167,Ягодное желе,г;;
2168,Ягодный сироп,г;;
2169,Ягодный сок,г;;
2170,Ягодный соус кислый,г;;
2171,Ягоды,г;;
2172,Ягоды вЯленые,по вкусу;;
2173,Ягоды замороженные,г;;
2174,Ягоды лесные,г;;
2175,Ягоды лесные замороженные,г;;
2176,Яичные белки,г;;
2177,Яичные желтки,г;;
2178,Яичные желтки вареные,шт.;;
2179,Яичные желтки крупные,г;;
2180,Яичный меланж,г;;
2181,Яичный порошок,ст. л.;;
2182,Яйца куриные,г;;
2183,Яйца куриные крупные,г;;
2184,Яйца перепелиные,г;;
2185,ЯпонскаЯ крошка панко,г;;
2186,Ячменные хлопьЯ,г;;
2187,Ячмень,г;;
2188,ЯчневаЯ крупа,г;;
,;;